State,Time,Tank,Fish,Mass,Length,Tukey,Mass (kg),TL (mm),Relative_Condition_Factor
Fasted,24,3,1,8.91,11.5,Fast_24,0.00891,115,2.189314516
Fasted,24,3,2,8.1,11.5,Fast_24,0.0081,115,1.990285924
Fasted,24,3,3,8.27,11.5,Fast_24,0.00827,115,2.032057357
Fasted,24,3,4,5.95,10.5,Fast_24,0.00595,105,1.986512044
Fasted,24,4,1,7.66,11.5,Fast_24,0.00766,115,1.882171627
Fasted,24,4,2,9.85,12,Fast_24,0.00985,120,2.096899451
Fasted,24,4,3,6.12,10.5,Fast_24,0.00612,105,2.043269531
Fasted,24,4,4,7.67,11,Fast_24,0.00767,110,2.189193699
Fed,24,1,1,8.24,11.5,Fed_24,0.00824,115,2.024685927
Fed,24,1,2,8.51,11.5,Fed_24,0.00851,115,2.091028791
Fed,24,1,3,8.08,11,Fed_24,0.00808,110,2.306217091
Fed,24,1,4,6.46,10,Fed_24,0.00646,100,2.542229141
Fed,24,2,1,9.3,11.5,Fed_24,0.0093,115,2.285143098
Fed,24,2,2,8.17,11,Fed_24,0.00817,110,2.331905153
Fed,24,2,3,8.35,11.5,Fed_24,0.00835,115,2.051714502
Fed,24,2,4,6.64,10.5,Fed_24,0.00664,105,2.216880667
Fasted,48,3,1,7.95,12,Fast_48,0.00795,120,1.692421384
Fasted,48,3,2,5.37,10.5,Fast_48,0.00537,105,1.792868853
Fasted,48,3,3,8.3,12,Fast_48,0.0083,120,1.766930502
Fasted,48,3,4,6.63,11.5,Fast_48,0.00663,115,1.629085886
Fasted,48,4,1,7.32,11.5,Fast_48,0.00732,115,1.798628761
Fasted,48,4,2,9.72,13,Fast_48,0.00972,130,1.580008205
Fasted,48,4,3,5.91,11,Fast_48,0.00591,110,1.686849382
Fasted,48,4,4,5.74,10.5,Fast_48,0.00574,105,1.916399854
Fed,48,1,1,8.73,12,Fed_48,0.00873,120,1.858470274
Fed,48,1,2,6.64,11,Fed_48,0.00664,110,1.895208105
Fed,48,1,3,6.16,10,Fed_48,0.00616,100,2.424168964
Fed,48,1,4,10.05,12.5,Fed_48,0.01005,125,1.864496157
Fed,48,2,1,8.17,12,Fed_48,0.00817,120,1.739255686
Fed,48,2,2,8.75,12,Fed_48,0.00875,120,1.862727938
Fed,48,2,3,7.46,11.5,Fed_48,0.00746,115,1.833028764
Fed,48,2,4,7.66,11,Fed_48,0.00766,110,2.18633947
Fasted,168,3,1,9.37,12.5,Fast_168,0.00937,125,1.738341193
Fasted,168,3,2,6.59,11,Fast_168,0.00659,110,1.880936959
Fasted,168,3,3,6.39,11.5,Fast_168,0.00639,115,1.570114451
Fasted,168,3,4,8.86,12.5,Fast_168,0.00886,125,1.64372497
Fasted,168,4,1,6.62,11.5,Fast_168,0.00662,115,1.626628743
Fasted,168,4,2,6.81,11.5,Fast_168,0.00681,115,1.673314462
Fasted,168,4,3,5.58,11,Fast_168,0.00558,110,1.592659823
Fasted,168,4,4,6.6,11,Fast_168,0.0066,110,1.883791189
Fed,168,1,1,9.15,11.5,Fed_168,0.00915,115,2.248285951
Fed,168,1,2,8.09,11,Fed_168,0.00809,110,2.30907132
Fed,168,1,3,10.78,12.5,Fed_168,0.01078,125,1.999927221
Fed,168,1,4,8.66,11.5,Fed_168,0.00866,115,2.127885938
Fed,168,2,1,10.06,12.5,Fed_168,0.01006,125,1.866351377
Fed,168,2,2,7.97,11.5,Fed_168,0.00797,115,1.958343063
Fed,168,2,3,9.53,12.5,Fed_168,0.00953,125,1.768024714
Fed,168,2,4,8.62,11.5,Fed_168,0.00862,115,2.118057366
Fasted,336,3,1,5.65,11.5,Fast_336,0.00565,115,1.38828586
Fasted,336,3,2,9.4,13,Fast_336,0.0094,130,1.527991474
Fasted,336,3,3,5.4,11.5,Fast_336,0.0054,115,1.326857282
Fasted,336,3,4,5.67,11,Fast_336,0.00567,110,1.618347885
Fasted,336,4,1,5.86,11,Fast_336,0.00586,110,1.672578237
Fasted,336,4,2,7.6,12.5,Fast_336,0.0076,125,1.409967243
Fasted,336,4,3,5.79,11.5,Fast_336,0.00579,115,1.422685864
Fasted,336,4,4,7.25,12,Fast_336,0.00725,120,1.543403149
Fed,336,1,1,10.8,12.5,Fed_336,0.0108,125,2.003637661
Fed,336,1,2,8.29,11,Fed_336,0.00829,110,2.366155902
Fed,336,1,3,9.6,12.5,Fed_336,0.0096,125,1.781011254
Fed,336,1,4,9.39,11.5,Fed_336,0.00939,115,2.307257386
Fed,336,2,1,11.25,12.5,Fed_336,0.01125,125,2.087122564
Fed,336,2,2,9.27,12.5,Fed_336,0.00927,125,1.719788992
Fed,336,2,3,8.39,12,Fed_336,0.00839,120,1.786089989
Fed,336,2,4,9.82,13,Fed_336,0.00982,130,1.596263433
